date, first, last
2055/03/29,Jean,West
2057/03/05,Landon,Hunter
2049/03/30,Jeffrey,Cobb
2099/11/20,Timothy,Luna
2046/02/18,Dennis,Diaz
2039/12/29,Madge,McGee
2071/04/26,Landon,Howell
2046/06/19,Grace,Becker
2074/06/28,Mollie,Goodman
2104/02/26,Jimmy,Chapman
2062/07/09,Isabel,Brock
2041/05/26,Nina,Rogers
2045/09/30,Eugene,Baker
2082/05/31,Julia,Love
2020/03/11,Bernard,Logan
2063/08/28,Harriet,Rowe
2094/08/12,Nina,Hill
2025/09/18,Mason,Richardson
2082/09/02,Lola,Phillips
2107/01/12,Gerald,Carter
2045/05/04,Pauline,Peters
2048/08/21,Peter,Bennett
2085/08/13,Elva,Payne
2046/02/02,Jim,Hammond
2022/01/19,Seth,Pratt
2103/11/05,Ernest,Byrd
2098/05/01,Eunice,Kelley
2079/03/18,Pauline,Chavez
2031/12/29,Lily,Myers
2062/04/02,Nicholas,Bradley
2097/01/25,Flora,Hodges
2060/09/17,Lydia,Hale
2048/05/16,Catherine,Hale
2078/03/29,Lizzie,Wade
2026/07/11,Floyd,Chapman
2045/05/27,Vera,Palmer
2092/04/11,Rebecca,Henderson
2040/01/17,Jim,Saunders
2047/08/01,Christopher,Ross
2030/08/30,Sara,Coleman
2086/10/20,Alan,Drake
2070/06/07,Jon,French
2068/05/13,Marion,Phelps
2054/07/15,Edwin,Burgess
2023/04/03,Joel,Rowe
2089/01/01,Adrian,Moran
2091/06/17,Bruce,Higgins
2077/10/31,Mark,Lambert
2080/05/05,Sara,Keller
2046/11/03,Mamie,Miller
2069/09/16,Cory,Tyler
2043/02/23,Lawrence,Ortiz
2023/01/11,Hallie,Buchanan
2104/09/01,Rachel,French
2095/11/26,Daniel,Newton
2025/01/30,Madge,Park
2107/11/14,Ethel,Warner
2085/07/15,Kevin,Paul
2043/03/10,Russell,Parks
2071/05/08,Miguel,Curry
2094/03/18,Tyler,Bishop
2058/01/16,Emma,Bryant
2084/07/20,John,Brooks
2098/08/13,Craig,Gilbert
2044/06/29,Leo,Chapman
2066/04/16,Bernard,Pratt
2094/04/15,Lucille,Morrison
2047/06/29,Ricky,Higgins
2090/07/01,Winnie,Summers
2106/07/21,Isaac,Park
2045/09/28,Nicholas,Moss
2029/09/07,Melvin,McCoy
2054/04/13,Sophie,Lopez
2023/12/19,Linnie,Cain
2080/08/13,William,Pope
2100/08/18,Mitchell,Dixon
2105/10/27,Herman,Cruz
2064/12/22,Mitchell,Carr
2108/09/30,Daisy,Reed
2104/06/09,Madge,Green
2084/09/16,Leonard,Clayton
2028/09/29,Christian,Hernandez
2038/03/09,Charlie,Carpenter
2054/05/14,Nancy,Garcia
2078/10/03,Irene,Thompson
2033/11/09,Edgar,Harmon
2029/01/24,Dorothy,Cook
2099/06/08,Hattie,Simmons
2090/11/11,Jeanette,Rose
2046/07/05,Betty,Carson
2110/04/09,Elva,Hunt
2113/08/22,Curtis,Schmidt
2060/06/07,Ophelia,Freeman
2023/03/20,Danny,Fleming
2041/12/25,Elnora,Munoz
2112/10/11,Lenora,Floyd
2043/12/31,Clara,Hicks
2113/02/18,Hettie,Arnold
2054/07/10,Delia,Shelton
2023/12/15,Louise,Parks
